ows_LinkTitle,ows_Zona,ows_Georeferencia,ows_CodigoPostal,ows_Direccion,ows_Telefono,ows_Fax,ows_Web,ows_Mascotas,ows_Accesibilidad,ows_FechaActualizacion,ows_Situacion,ows_ObservacionesSituacion,ows_DescripcionEspanol,ows_DescripcionIngles,ows_DescripcionAleman,ows_TipoActividad,ows_Actividad,ows_Email,ows_Municipio,ows_Categorias,ows_Image,ows_Recomendado,ows_DescripcionRuso,ows_DescripcionItaliano,ows_BanderaAzul,ows_Nudista,ows_HamacasSombrillas,ows_Socorrismo,ows_PrecioHamacas,ows_ColorArena,ows_TipoOleaje,ows_Gratis,ows_MaterialInf,ows_Dificultad,ows_Peligrosidad,ows_LongitudPlaya,ows_AnchoPlaya,ows_ComoLlegarEspanol,ows_ComoLlegarIngles,ows_ComoLlegarAleman,ows_ComoLlegarFrances,ows_ComoLlegarItaliano
"Playa Mesa del Mar-Tacoronte","Norte","(28.505165965471978, -16.422886848449707)","38350","Mesa del Mar","Oficina de Turismo 922 57 00 15","Oficina de Turismo 922 57 00 15","http://www.tacoronte.es","","","2011-05-03 10:24:13","Abierto","costa del municipio de Tacoronte","","","","Playas","Naturaleza y Monumentos","of_turismotacoronte@hotmail.com","Tacoronte","","../PublishingImages/Playa Mesa del Mar.jpg","Accesibilidad","","","Si","No","No","Si","","Gris","Moderado","Si","Si","Bajo","Bajo","","","Linea TITSA 021. Salida desde la estación de guaguas de Tacoronte.","","","",""
"Barrio pesquero El Pris - Tacoronte","Norte","(28.51012509426835, -16.421384811401367)","38350","El Pris","Oficina de Información y Turismo 922 57 00 15. Centro de Información Patrimonial de Agua García 922 58 45 60","Oficina de Información y Turismo 922 57 00 15. Centro de Información Patrimonial de Agua García 922 58 45 60","http://www.tacoronte.es","","","2011-05-03 10:19:26","Abierto","","Barrio pesquero con playa indicada para el baño y piscina natural.","","","Playas","Naturaleza y Monumentos","of_turismotacoronte@hotmail.com","Tacoronte","","../PublishingImages/El Pris.jpg","","","","No","No","No","No","","Gris","Moderado","Si","Si","Bajo","Bajo","","","Línea TITSA 023. Salida desde Estación de guaguas de Tacoronte.","","","",""
"Playa de La Arena","Sur","(28.35394230526438, -16.369667172257323)","38530","Avenida de la Constitución","922 50 08 00","922 50 00 08","http://www.candelaria.es","","","2011-05-25 12:52:00","Abierto","","Playa que se extiende de forma longitudinal 800 metros aproximadamente. Tiene arena negra fina que alterna en algunas zonas con grava o callaos de granulometría pequeña. Presenta un pequeño charco artificial realizado con piedras de la zona en su parte septentrional.  Otros: La zona más septentrional a diferencia del resto, tiene papeleras, cartel de prohibido perros, bandera de señalización y flotadores de salvamento. Está próxima a aparcamientos y zonas comerciales de ocio y restauración. ","","","Playas","Naturaleza y Monumentos","","Candelaria","Adaptada (discapacitados),Arena,Callaos,Parking,Policia,Socorrismo,Teléfono,","../PublishingImages/2º PREMIO 2008 (Carlos Doval).jpg","Niños","","","","","","","","Negra","Moderado","","","Bajo","Bajo","800 metros","","En guagua desde Santa Cruz las líneas 122, 123,124, 131, 120, 121","","","",""
"Playa de El Alcalde","Sur","(28.355906161591705, -16.36947637787671)","38530","Avda. de la Constitución","922 50 08 00","922 50 00 08","http://www.candelaria.es","","","2011-05-25 15:48:24","Abierto","","Descripción: Pequeña playa en forma de herradura, con escolleras en ambos extremos. La parte superior es de tierra, en la zona media presenta callaos de granulometría pequeña y, en la parte inferior, arena. Su longitud está en torno a los 30 metros. Cuenta con jardines en la parte superior. Dispone de papeleras. Está próxima a aparcamientos y a zonas comerciales, de ocio y restauración.  ","","","Playas","Naturaleza y Monumentos","","Candelaria","Bar,Callaos,Parking,Policia,Restaurante,","../PublishingImages/Playa El Alcalde.jpg","Niños","","","","","","","","Negra","Moderado","","","Bajo","Bajo","30 metros","","En Bus desde Santa Cruz líneas 122, 120, 121, 123, 124, 131. Desde el sur las guaguas paran en la autopista (111, 115, 116)","","","",""
"Playa El Pozo","Sur","(28.357643388829587, -16.368768274696777)","38530","Avda. la Constitución","922 50 08 00","922 50 00 08","http://www.candelaria.es","","","2011-05-25 16:04:55","Abierto","","Descripción: Playa de callaos de granulometría pequeña. De unos 12 metros de longitud, se encuentra inserta en el refugio pesquero.  Otros: Próxima a un puesto de salvamento marítimo de la Cruz Roja. Hay contenedores, un cartel de prohibidos perros y barcos varados. Existe una hornacina para la Virgen del Carmen. Se encuentra próxima a zonas de ocio y restauración. ","","","Playas","Naturaleza y Monumentos","","Candelaria","Callaos,Restaurante,","../PublishingImages/Playa El Pozo.jpg","Niños","","","","","","","","Negra","Tranquilo","","","Bajo","Bajo","12 metros","","","","","",""
"Playa La Hornilla","Sur","(28.360117000291282, -16.36694437256665)","38530","C/ La PIscina, Candelaria","922 50 08 00 ","922 50 00 08","http://www.candelaria.es","","","2011-05-25 16:13:39","","","Descripción: Pequeño paseo marítimo con zonas aptas para el baño. Cuando hay bajamar aparece una pequeña playa de fina arena negra en la parte superior. Cuenta con varios puntos de acceso al agua.  Otros: Dispone de papeleras y contenedores de basura, así como de zonas ajardinadas ","","","Playas","Naturaleza y Monumentos","","Candelaria","Arena,Callaos,","../PublishingImages/Playa La Hornilla.jpg","Niños","","","","","","","","Negra","Tranquilo","","","Bajo","Bajo","","","","","","",""
"Playa de Punta Larga","Sur","(28.368387129941308, -16.362084209831664)","38530","Avda. Marítima, Punta Larga","922 50 08 00","922 50 00 08","http://www.candelaria.es","","","2011-05-25 16:51:13","Abierto","","La nueva zona de baño de Punta Larga tiene rampas de entrada y una pasarela de madera que discurre en paralelo al paseo marítimo.","","","Playas","Naturaleza y Monumentos","","Candelaria","Adaptada (discapacitados),Arena,Aseos,Bar,Callaos,Duchas,Restaurante,Socorrismo,","../PublishingImages/Nueva Playa de Punta Larga.jpg","Niños","","","","","","","","Negra","Moderado","","","Bajo","Bajo","","","","","","",""
"Playa la Arena","Sur","","38683","Av marítima, playa la arena","922860348","922860348","http://www.santiagodelteide.es","","","2011-06-08 13:45:55","Abierto","","Playa natural de arena negra volcánica, situada en la costa de Puerto Santiago, ha sido galardonada consecutivamente con la bandera azul de los mares limpios de Europa desde 1988 hasta hoy, por la calidad de sus aguas, , accessibilidad y servicios que ofrece al bañista.","A black sand beach situated on the coast of Puerto Santiago, awarded an european blue flag for 24 consecutive years(1988)","Es handelt sich um einen Strand mit schwarzem Sand, der an der Küste von Puerto Santiago liegt. 24 aufeinander folgende Jahre lang ist ihm die von Europa vergebene blaue Flagge für reine Gewässer verliehen worden (1988)","Playas","Naturaleza y Monumentos","turismo@santiagodelteide.es","Santiago del Teide","Adaptada (discapacitados),Arena fina,Aseos,Bandera Azul,Duchas,Hamacas,Parking,Policia,Restaurante,Sillas anfibias,Socorrismo,Sombrillas,Teléfono,Vestuarios,Vigilante,","","Accesibilidad","Il s´agit d´une plage de sable noir, qui se trouve sur la côte de Puerto Santiago. Pendant 24 années d´affilée, elle a mérité le pavillon bleu pour les eaux limpi des décerné par l ¨Europe (1988)","Spiaggia di sabbia nera situata lungo la costa di Puerto Santiago, insignita per 24 anni consecutivi con la bandiera azzurra dei mari  pulitid´Europa","","","","","","Negra","Moderado","","","Bajo","Bajo","178 m","100 m","","","","",""
"Playa de los Guios o Argel","Sur","","38683","C/ los Guios, los Gigantes","922 86 03 48","922 86 03 48","http://www.santiagodelteide.org","","","2011-06-08 13:51:18","Abierto","","Playa junto al acantilado y al muelle de los Gigantes.","","","Playas","Naturaleza y Monumentos","turismo@santiagodelteide.es","Santiago del Teide","Acceso a pie,Arena fina,Aseos,Bar,Duchas,Hamacas,Restaurante,Socorrismo,Sombrillas,Vigilante,","","Familias","","","","","","","","Negra","Moderado","","","Bajo","Bajo","140 m","40 m","","","","",""
"Playa del Camisón","Sur","(28.0639452, -16.730575600000065)","38660","Playa de Las Américas","","","","","","2011-06-16 15:53:14","",""," Ubicada en una de las zonas más transitadas de Playa de Las Américas, la Playa del Camisón brinda a sus bañistas sol y relax.  Localizada frente a complejos hoteleros de primer orden, esta playa se ha consolidado como una de las más importantes del municipio.  Bordeada por el paseo marítimo, dispone de todo tipo de servicios y comodidades para los turistas. El especial cuidado que se ha llevado a cabo en esta playa ha hecho que en 2010 la Fundación Europea de Educación Ambiental le concediese la Bandera Azul por la calidad de sus aguas, gestión medioambiental y cuidado del entorno, así como los servicios prestados para todo tipo de bañistas. En las cercanías se encuentra una agradable terraza donde se puede disfrutar relajadamente de cualquier aperitivo junto al mar. Por las inmediaciones del paseo marítimo se puede contemplar una panorámica inmejorable de la vecina isla de La Gomera. Longitud: 350 metros. Anchura: 40 metros. Grado de ocupación: Alto Ubicación física: En el centro de Playa de Las Américas, frente al paseo marítimo y complejos hoteleros de exclusividad.  Accesos a la playa: para peatones. Parking cercanos para vehículos. Proximidad al núcleo turístico: Sí. Tipo de playa: Artificial Condiciones de baño: Aguas tranquilas Morfología: Arena   Servicios prestados:   - Alquiler de Hamacas y sombrillas - Duchas / Lavapiés - Papeleras - Baños - Servicio de limpieza - Actividades acuáticas (Jetsky, motos acuáticas,  parascending, pedales, banana) -     Seguridad policial Galardones:  2010: Bandera Azul otorgada por la FEEE (Fundación Europea para la Educación ambiental) Datos históricos:    De sus llanuras se extrajo la arena y el callao con que fabricar viviendas, acequias, charcas, etc., y de su litoral la piedra caliza que después se transformaría en cal en los hornos de la zona. En la Punta de El Camisón, a los pies de El Cabezo Grande existieron unas salinas hasta mediados de los años 80: las Salinas de El Gincho. Importante entorno donde recababan, para descansar, muchas aves migratorias y de las que se abastecían los pescadores para el salado y jareado del pescado. En este paraje, casi desértico, se llegó a plantar cereales, tomates y algodón y existieron salones para guardar las herramientas y la sal que se extraía de las salinas, y dos hornos de cal. Esta zona reunía las condiciones perfectas, según numerosas autoridades e instituciones, para la construcción del aeropuerto de Tenerife, pero, lo lejos que estaba Los Cristianos de la capital, la falta de carretera en condiciones y otras carencias hicieron que se frustrara el proyecto.   Oficina de Información Turística más cercana:  Oficina de Información Turística Playa de Las Américas Tel: 922 797 668  Oficina de Información Turística Playa de Las Vistas Tel: 922 787 011 ","","","Playas","Naturaleza y Monumentos","","Arona","Arena,Aseos,Bandera Azul,Bar,Chiringuitos,Hamacas,Policia,Sombrillas,","","","","","","","","","","Gris","Tranquilo","","","Bajo","Bajo","350 metros","40 metros","Desde la autopista TF 1 en dirección Playa de Las Américas frente al paseo marítimo Francisco Andrade Fumero y cercanías de la zona comercial por excelencia conocida como ‘La Milla de Oro’. Disponibilidad de señalización viaria. En transporte público regular: Líneas 473, 416, 467, 417, 477. ","","","",""
"Playas Deportivas: Playa Honda: ‘Las Palmeras’, ‘La Izquierda’‘El Medio’La Montañeta‘El Conquistador’ o ‘La Derecha’El Guincho: ‘La Piscina’El DedoEl Cabezo Grande: ‘Salinas’Charco del Marqués: ‘Fitenia’","Sur","(28.0639452, -16.730575600000065)","38660","Playa de Las Américas","","","","","","2011-11-25 20:01:41","","","En un enclave natural incomparable Arona brinda una amplia gama de playas para la práctica de surf, donde expertos y principiantes podrán descubrir la particularidad de este deporte. Más de un kilómetro y medio de playas para  surfear se despliegan ante el visitante, sin duda un espectáculo durante todo el año.    En estas playas deportivas el amante del surf encontrará distintos tipo de olas, aptas para todos. Escuelas especializadas en este deporte brindan clases para distintos niveles, así como alquiler de equipos y tablas.    Durante años consecutivos se han realizado campeonatos de renombre en las playas para la práctica de surf que Arona oferta en este litoral de Playa de Las Américas, siendo este lugar el más óptimo para surfear en el sur de la isla de Tenerife.                  Es usual que los asiduos a este deporte se desplacen hasta este punto de la isla para la práctica de surf en busca del tipo de olas que el  municipio de Arona ofrece. Para muchos, es idílico poder zambullirse sobre la tabla bajo el sol de invierno que caracteriza este municipio.    Con la isla de la Gomera como telón de fondo, un paseo por esta zona del litoral puede resultar realmente placentero. Desde este lugar, donde existen terrazas  ‘chill out’ pensadas para el disfrute del buen tiempo todo el año, se pueden admirar los mejores atardeceres del sur de Tenerife.     Divagando entre las esculturas ubicadas en esta zona del paseo marítimo, el visitante encontrará un rincón  de la isla, donde el Atlántico, olas e incomparables atardeceres, convierten este lugar en un paraje singular en el municipio de Arona Longitud: 1,6 Kilómetros de extensión Grado de Ocupación: Medio Ubicación Física: Playa de Las Américas Proximidad al núcleo turístico: Sí Accesos a la playa: para peatones y vehículos. Parking Público en las cercanías. Tipo de playa: Natural Condiciones de baño: Oleaje fuerte Morfología: Rocas   Servicios Prestados:  -Papeleras -Seguridad Policial -Servicio de Limpieza   Olas y Picos en las Playas Deportivas:  Playa Honda: ‘Las Palmeras’, ‘La Izquierda’ ‘El Medio’ La Montañeta ‘El Conquistador’ o ‘La Derecha’ El Guincho: ‘La Piscina’ El Dedo El Cabezo Grande: ‘Salinas’ Charco del Marqués: ‘Fitenia’     El litoral costero de Playa de Las Américas es perfecto para los amantes de surf y bodyboard. Aquí se encuentran picos bien definidos en la zona de Palmeras, El Medio, Playa Honda, La Derecha, El Conquistador, La Piscina, El Dedo y Fitenia.    Todas presentan unas condiciones perfectas lo cual permite la práctica de este deporte tanto para principiantes como deportistas con un nivel más avanzado.    Las olas de este enclave se caracterizan por ser de ‘reef’ rocoso (comúnmente denominadas como bajas). Esto hace que se pueda formar una ola con características únicas, formando una ola con largo recorrido e incluso tubos. Éstas son muy valoradas por surfistas, pues nada tienen que envidiar a las de otros lugares del mundo.     En los años 90 la ola de ‘Palmeras’ quedó entre las diez mejores olas de Europa, dándole un merecido reconocimiento a nivel nacional e internacional, sumado a la sucesión de múltiples campeonatos de Surf de distintas categorías llevados a cabo en este lugar.    Las condiciones en invierno son de olas perfectas que rondan el metro de altura constante, con fuerza noroeste, llegando a rachas de temporal superando los dos metros de altura.     En Playa de Las Américas se puede presumir de un clima perfecto en nuestras playas, con temperaturas agradables durante todo el año. No en vano la temperatura del agua ronda los 19º. Un lujo que permite a los amantes de este deporte surfear con una licra de neopreno o para los más frioleros un 3/2 mm de traje de neopreno. Todo ello permite el baño prolongado durante más de dos horas sin sentir frío, considerándose impensable en Europa durante los meses de invierno.     En verano en las playas se disfruta del sol estival, con un mínimo de medio metro de olas ‘glassi’, con fuerza sur constante. No se requiere traje de neopreno, pues la temperatura del agua supera los 20º.    Las escuelas para la práctica de surf ofrecen clases de iniciación para el disfrute de las olas de Playa de Las Américas. En una sucesión de más de 1.5 kilómetros de costa encontrarás  olas consideradas de las mejores del mundo. Oficina de Información Turística más cercana:  Oficina de Información Turística Playa de Las Américas Tel: 922 797 668 ","","","Playas","Naturaleza y Monumentos","","Arona","Policia,","","Deportes","","","","","","","","Dorada","Tranquilo","","","Bajo","Bajo","1,6 Kilómetros de extensión","","Ubicación en Playa de Las Américas, Paseo Marítimo Francisco Andrade Fumero. Frente a Hotel Villa Cortés y Hotel Conquistador. En transporte público regular: Líneas 473, 416, 467, 417, 477. ","","","",""
"Playa de Las Vistas","Sur","(28.050039, -16.717233999999962)","38650","Playa de Los Cristianos","","","","","","2011-06-16 16:05:24","","","Sin duda alguna la más extensa del municipio de Arona, la Playa de Las Vistas se prolonga a lo largo de casi 1 kilómetro de longitud como nexo entre Playa de Las Américas y Los Cristianos.  Considerada como uno de los puntos de interés de la isla de Tenerife, esta playa se caracteriza por su variedad, animación y accesibilidad para todo tipo de bañistas.    La Playa de las Vistas se despliega ante el visitante, teniendo cabida para el relax, un clima incomparable,  actividades acuáticas de distinta índole, así como un baño en aguas limpias y tranquilas.    No en vano, se considera una playa para todos, donde turistas y residentes disfrutan del sol y el mar durante las cuatro estaciones.  Jóvenes y mayores, familias y parejas, encontrarán en la Playa de Las Vistas la playa perfecta para sus vacaciones.      Considerada como una de las de mayor renombre de Tenerife no sólo por sus características, sino por ser pionera en accesibilidad en Canarias, la Playa de las Vistas es una de las dos playas más visitadas de España por personas con movilidad reducida y ha sido galardonada con la distinción temática “Accesibilidad en Playas”.    Esta playa totalmente accesible es un lugar ideal para turistas con movilidad reducida gracias a sus  instalaciones sin barreras, todo tipo de servicios adaptados y la tranquilidad de sus aguas. Todo ello vinculado al excelente clima del municipio a lo largo de todo el año.    Durante varios años ha sido galardonada con la Bandera Azul de la Unión Europea por sus excelentes características y servicios prestados.   Longitud: 925 metros Anchura: 80 metros. Grado de ocupación: alto. Ubicación Física: Paseo Marítimo Playa de Las Vistas. Limita con Playa de Las Américas por el paseo marítimo. Cercana a la Estación Marítima de Los Cristianos. Proximidad al núcleo turístico: Sí Accesos a la playa: para peatones. Aparcamiento gratuito. Parking privados en las inmediaciones. Localización acceso para vehículos de emergencias: Sí. Tipo de playa: artificial Condiciones de baño: aguas tranquilas Morfología: arena  Servicios prestados:  -Alquiler de hamacas y sombrillas -Pasarelas -Duchas / Lavapiés -Papeleras -Baños -Servicio de limpieza -Contenedores para reciclaje de residuos -Socorrismo, vigilancia y equipos de salvamento - Área accesible para turistas con movilidad reducida. -Actividades acuáticas (Jetsky, motos acuáticas, parascending,  pedales, banana) -Seguridad Policial  -Webcam de la Playa de Las Vistas  en www.arona.travel   Área accesible en la Playa de Las Vistas:  Arona es uno de los destinos vacacionales con mayor número de turistas con movilidad reducida del mundo. La Playa de Las Vistas ofrece al visitante un área accesible donde podrá disfrutar de los siguientes servicios:   - Estacionamiento próximo a la playa con plazas reservadas. -Señalización de itinerario accesible, playa accesible y servicios. -Itinerario Accesible. -Rampas de acceso –6%. -Sillas anfibias -Muletas anfibias -Grúa hidráulica  -Pasarelas fijas de madera -Pasarelas enrollables -Zona de descanso con sombrillas -Área de vigilancia -Aseos adaptados -Duchas adaptadas  Servicio de la Silla Acuática: La empresa de Salvamento Marítimo ubicada en la playa realiza el servicio de baño adaptado de forma gratuita   • Servicio diario (todo el año). • Horario de 10 a 17h.                      10 a 18 h. de Julio a Septiembre  • Reservas: Directamente (el mismo día) en el puesto de vigilancia de la Zona Accesible.  Los grupos deben reservar el servicio de la silla acuática por vía telefónica: 608 843 561  Información útil: Es obligatorio que niños o personas con discapacidad psíquica estén acompañados por un adulto.  Galardones:   Desde el año 1999  Bandera Azul otorgada por la FEEE (Fundación Europea para la Educación ambiental)    Distinción Temática “Accesibilidad en Playas” por la Asociación de Educación Ambiental y del Consumidor (ADEAC).   Distinción Temática en Información y Educación Ambiental concedido en el 2010 gracias al desarrollo de diferentes campañas de concienciación y de limpieza del litoral  todo el municipio. Playa de Las Vistas, fruto de las recientes obras de remodelación y ampliación tomó su nombre de la pequeña playa más próxima a San Telmo y que los vecinos llamaban “Vistas del Camisón”, uniéndose a la “Playa de la Carnada” situada delante de Vintersol  Oficina de Información Turística más cercana:  Oficina de Información Turística Playa de Las Vistas Tel: 922 787 011 ","","","Playas","Naturaleza y Monumentos","","Arona","Acceso a pie,Area recreativa,Arena fina,Aseos,Bandera Azul,Bar,Chiringuitos,Dique,Duchas,Hamacas,Parking,Plataforma,Policia,Restaurante,Sillas anfibias,Socorrismo,Sombrillas,Teléfono,Vestuarios,Vigilante,","","Accesibilidad","","","","","","","","Dorada","Tranquilo","","","Bajo","Bajo","925 metros","80 metros","Desde autopista TF1 en dirección Los Cristianos hasta la estación marítima. Seguir señalización viaria. En transporte público: líneas 110, 111, 473. 416, 467, 477, 417, 472, 418.  ","","","",""
"Playa de los Cristianos ","Sur","(28.050039, -16.717233999999962)","38650","Playa de Los Cristianos","","","","","","2011-06-16 16:10:32","","","   La Playa de los Cristianos se considera una de las playas históricas del municipio de Arona. Ubicada en pleno centro neurálgico de Los Cristianos conserva aún la esencia del que antaño fue un pequeño poblado marinero, dando  paso posteriormente a uno de los núcleos turísticos más conocidos de Tenerife. Distintas embarcaciones pesqueras hacen hoy en día que permanezca la esencia del pueblo de pescadores que aún en la actualidad se funde con el enclave turístico de Los Cristianos, lo que le confiere cierta particularidad donde se mezclan pasado y presente.  Longitud: 400 metros Anchura: 82 metros Grado de ocupación: Alto Ubicación Física: Junto a la zona peatonal comercial de Los Cristianos, frente al paseo marítimo. En las cercanías de la explanada de la estación marítima. Proximidad al núcleo turístico: Sí Accesos a la playa: para peatones. Parking privado para vehículos en las inmediaciones. Tipo de playa: Natural Condiciones de baño: aguas tranquilas Morfología: Arena.    Servicios prestados:  -Alquiler de hamacas y sombrillas -Duchas / Lavapiés -Papeleras -Baños -Servicio de limpieza -Contenedores para reciclaje de residuos -Socorrismo, vigilancia y equipos de salvamento -Escuela de Vela Datos históricos:     La Playa de Los Cristianos está en gran manera unida al comienzo del turismo en el sur de Tenerife. En el año 1957 un grupo de jóvenes suecos con movilidad reducida, originada por problemas reumáticos, llegó al poblado marinero de Los Cristianos después de haber recorrido medio mundo. En este lugar, gracias a su agradable clima y a su playa, mejoró notablemente su estado de salud. La llegada de estos visitantes escandinavos dio lugar al nacimiento del turismo en el municipio de Arona. Desde entonces hasta la actualidad, Los Cristianos se ha convertido en un reclamo turístico para visitantes de distintas nacionalidades a lo largo del año. Gracias a su clima benéfico y las óptimas condiciones de su costa, miles de turistas  buscan en Playa de Los Cristianos y Playa de Las Américas el sol de invierno tan anhelado en sus países en los meses de frío. Oficina de Información Turística más cercana:  Oficina de Información Turística Playa de Las Vistas Tel: 922 787 011 ","","","Playas","Naturaleza y Monumentos","","Arona","Acceso a pie,Arena,Aseos,Bar,Chiringuitos,Duchas,Hamacas,Parking,Policia,Restaurante,Teléfono,","","","","","","","","","","Dorada","Tranquilo","","","Bajo","Bajo","400 metros","82 metros","Desde autopista TF1 en dirección Los Cristianos hasta la estación marítima. Seguir señalización viaria. En transporte público: líneas 110, 111, 473. 416, 467. 477, 417, 472, 418, 343.                                      Parada más cercana: estación de guaguas de Los Cristianos ","","","",""
"Playa del Callao ","Sur","(28.0396244, -16.708548599999972)","38650","Playa del Callao. Playa de Los Cristianos","","","","","","2011-06-16 16:15:33","","","   La Playa del Callao ofrece al bañista tranquilidad y relax. En un enclave sin aglomeraciones el visitante podrá disfrutar del mar en su estado más puro. En esta playa, alejada del bullicio, el turista encontrará un paraje en el que el Espacio Natural Protegido de Guaza tiene sus faldas.     Una de las principales características de la Playa del Callao es que dispone de un área nudista. La combinación de arena y piedras le confieren un aspecto natural, y sus aguas limpias a mar abierto hacen de la Playa del Callao un espacio donde el disfrute del sol y el mar está garantizado. Longitud: 420 m. Anchura: 30 m.  Grado de ocupación: bajo Ubicación física: Final de la Avenida Juan Carlos I, dejando atrás el paseo marítimo. Proximidad al núcleo turístico: Semiurbana. Accesos a la playa: Para peatones. Aparcamiento público en los alrededores. Tipo de Playa: Natural Vegetación: Sí Condiciones de Baño: Aguas tranquilas Morfología: ‘Callaos’ (Piedras redondas semiplanas) Zona nudista: Si Servicios prestados:   -Papeleras -Seguridad policial -Servicio de limpieza  Esta playa está tradicionalmente vinculada a la pesca y el marisqueo de burgados y lapas  ","","","Playas","Naturaleza y Monumentos","","Arona","Nudista,","","LGTB","","","","","","","","Dorada","Moderado","","","Bajo","Bajo","420 m","30 m","Salida de la autopista TF1 en dirección Los Cristianos. Seguir siempre recto hasta el final de la Avenida Juan Carlos I. Junto al Arona Gran Hotel.  En transporte público: líneas 110, 111, 473. 416, 467.                                      Parada más cercana: Estación de Guaguas de Los Cristianos ","","","",""
"Playa de Las Galletas","Sur","(28.0086864, -16.659929000000033)","","Playa de Las Galletas","","","","","","2011-06-16 16:19:07","",""," A 15 km de los núcleos turísticos de Playa de Las Américas y Los Cristianos se encuentra el enclave costero de Las Galletas. Su costa, abastecimiento de pescadores ayer y hoy, es transitada por gente del lugar convirtiendo la Playa de Las Galletas en una de las de mayor ambiente local del municipio de Arona.     El mercado de pescado, y la Marina del Sur, le confieren un peculiar aspecto marinero. Es  frecuente encontrar pescadores realizando su actividad diaria, tejiendo redes o habilitando sus barcas para el ejercicio cotidiano de la pesca.     Sin duda alguna la Playa de Las Galletas muestra al visitante un claro ejemplo del más puro ambiente local, donde el turismo se mezcla con los lugareños durante todo el año. Longitud: 420 metros Anchura: 25 metros Grado de ocupación: medio Zona de fondeo: dispone de pantalanes y zona de fondeo para barcos. Ubicación física: En una de las principales vías de entrada al núcleo costero de Las Galletas. Proximidad al núcleo turístico: Sí. Accesos a la playa: para peatones. Aparcamiento público en las inmediaciones. Tipo de playa: natural Condiciones de baño: Aguas tranquilas Morfología: Playa mixta de grava y arena.   Servicios prestados:  -Alquiler de hamacas -Lavapiés -Papeleras -Baños -Servicio de limpieza -Torre de vigilancia -Webcam de la Playa de Las Galletas  en www.arona.travel  Datos históricos:   Las Galletas nace como núcleo vinculado a la pesca y al marisqueo en sus bellos  bahíos. La Playa de Las Galletas es aquella en la que los pescadores varaban sus barcos y sobre los negros ‘callaos’, sus mujeres clasificaban el pescado, dispuestos en cajas o cestas  para su venta.    En la orilla de la Playa de Las Galletas se levantaba “El Salón”, hoy desaparecido pero aún presente en la memoria de sus vecinos. El Salón, era una construcción de principios del siglo XX, y está relacionado al cultivo del tomate. En el Salón se almacenaban los tomates a la espera de ser trasladados en barcos de cabotaje a Santa Cruz, capital de la isla,  para su posterior exportación.  Oficina de Información Turística más cercana:  Oficina de Información Turística Playa de Las Galletas Tel: 922 730 133 ","","","Playas","Naturaleza y Monumentos","","Arona","","","","","","","","","","","Negra","Tranquilo","","","Bajo","Bajo","420 metros","25 metros","Salida 25 de la autopista TF1 en dirección Las Galletas.  En transporte público: Líneas 115 desde Santa Cruz, 467 y 470 desde Los Cristianos-Playa de Las Américas y Golf del Sur. ","","","",""
"Playa Charco del baño ","Sur","(28.0086864, -16.659929000000033)","","Playa de Las Galletas","","","","","","2011-06-16 16:24:21","","","Esta pequeña playa se encuentra a continuación de la Playa de Las Galletas, separadas por el muelle embarcadero de esta localidad.     Charco del baño se caracteriza por ser una playa con carácter acogedor, frecuentada mayormente por lugareños, donde se respira aún el olor a sal y tiempos pasados. El  descanso está garantizado en este pequeño enclave bordeado por un pequeño paseo marítimo donde variedad de restaurantes ofrecen productos de la tierra y el mar. Terrazas para el disfrute del buen tiempo y la comodidad se encuentran en primera línea de esta singular playa.   Longitud: 240 metros Anchura: 16 metros Grado de ocupación: Bajo Ubicación física: en el paseo marítimo de Las Galletas. Junto al muelle y la rambla. Proximidad al núcleo turístico: Sí Accesos a la playa: para peatones. Aparcamiento público en vías de acceso al pueblo. Tipo de playa: Natural Condiciones de baño: Oleaje moderado Morfología: Mixta (Arena y rocas)    Servicios Prestados:  Alquiler de hamacas Duchas Papeleras Baños Servicio de limpieza Rampas de acceso  Datos Históricos:  El Charco del Baño ha acogido tradicionalmente el trasiego de vecinos y visitantes. La vinculación de los pescadores del lugar y sus familias con sus bahíos es intensa pues de ellos obtienen  sustento y como no, momentos  de ocio.    Oficina de Información Turística más cercana:  Oficina de Información Turística Playa de Las Galletas Tel: 922 730 133 ","","","Playas","Naturaleza y Monumentos","","Arona","Bar,Chiringuitos,Duchas,Hamacas,","","","","","","","","","","Dorada","Tranquilo","","","Bajo","Bajo","240 metros","16 metros","Salida 25 de la autopista TF1 en dirección Las Galletas.  En transporte público: Líneas 115 desde Santa Cruz, 467 y 470 desde Los Cristianos-Playa de Las Américas y Golf del Sur.  ","","","",""
"Playa Jardín","Norte","(28.4110894, -16.560798400000067)","38400","Avenida Francisco Afonso Carrillo, Puerto de la Cruz","","","","","","2011-09-15 15:28:44","Abierto","","Playa artificial, construida en 1993. Diseñada por César Manrique. Cuenta con  jardines con palmeras, cocoteros, plataneras y otros árboles, la superficie ajardinada de la playa supera los 17.000 metros cuadrados.   ","","","Playas","Naturaleza y Monumentos","","Puerto de la Cruz (El)","Acceso a pie,Adaptada (discapacitados),Arena,Aseos,Bar,Duchas,Piedras,Vestuarios,","../PublishingImages/69747_129079037151127_119349914790706_185351_4153208_n.jpg","Accesibilidad","","","","","","","","Negra","Moderado","","","Bajo","Bajo","700 metros","50 metros","","","","",""
"Playa de Playa San Juan","Sur","(28.181263, -16.817625700000008)","38687","Playa San Juan","","","","","","2014-02-14 11:37:25","Abierto","","","","","Playas","Naturaleza y Monumentos","","Guía de Isora","Acceso a pie,Acceso en barco,Alquiler Equipo deportivo,Area recreativa,Arena,Aseos,Bandera Azul,Bar,Duchas,Hamacas,Parking,Restaurante,Sombrillas,","../PublishingImages/IMG_0867.JPG","Accesibilidad","","","","","","","","Negra","Tranquilo","","","Bajo","Bajo","","","","","","",""
"Playa Abama","Sur","(28.1709783, -16.796781399999986)","38687","Crta. General Tf 47, Playa San Juan (Hotel Abama)","","","","","","2014-02-14 11:31:42","","","","","","Playas","Naturaleza y Monumentos","","Guía de Isora","Acceso a pie,Arena,Arena fina,Aseos,Duchas,Hamacas,Restaurante,Sombrillas,","../PublishingImages/abama.jpg","","","","","","","","","Dorada","Tranquilo","","","Bajo","Bajo","","","","","","",""
"Playa de Alcalá","Sur","(28.2026563, -16.828296799999976)","38686","Alcalá","","","","","","2014-02-14 11:32:12","","","","","","Playas","Naturaleza y Monumentos","","Guía de Isora","Acceso a pie,Arena,Callaos,","../PublishingImages/IMG_1295.JPG","","","","","","","","","Negra","Tranquilo","","","Bajo","Bajo","","","","","","",""
"Playa de las Teresitas","Metropolitana","(28.508522359508084, -16.187152862548828)","38003","San Andrés","","","","","","2012-05-06 13:11:38","Abierto","","Situada en el pueblo de San Andrés. Hasta su transformación estaba dividida en tres partes bien diferenciadas que poseían nombres distintos: Tras la Arena que era la parte inicial, Los Moros, en el medio y por último la zona comprendida por el barranco de Las Teresas. Sobre la playa de arena negra, se echó arena blanca traída del desierto del Sáhara, y se construyó un dique rompeolas para evitar el oleaje.","","","Playas","Naturaleza y Monumentos","","Santa Cruz de Tenerife","Adaptada (discapacitados),Area recreativa,Arena fina,Aseos,Chiringuitos,Dique,Duchas,Hamacas,Parking,Policia,Restaurante,Socorrismo,","../PublishingImages/Playa de las Teresitas.jpg","","","","","","","","","Dorada","Tranquilo","","","Bajo","Bajo","1.300 metros","80 metros","","","","",""
"Playa de Martiánez","Norte","(28.41778677597734, -16.54163360595703)","38400","Avda. de Colón","","","","","","2013-03-09 13:44:16","","","Es la zona más tradicional de baño del Puerto de la Cruz y centro del boom turístico que experimentó la ciudad en la década de los 60 del siglo XX. También llamada La Barranquera, por ser la desembocadura del barranco de Martiánez, es una playa natural de arena negra volcánica, protegida en parte por una escollera artificial. La denominación de este lugar emblemático de la ciudad es una derivación popular del nombre del propietario original de estos terrenos costeros: Martín Yanes.","","","Playas","Naturaleza y Monumentos","","Puerto de la Cruz (El)","Arena,Dique,","../PublishingImages/Playa Martiánez.jpg","","","","","","","","","Negra","Moderado","","","Bajo","Bajo","","","","","","",""